{
  "compose.yml": 1776443541.7195659,
  "Dockerfile": 1776443541.166537,
  ".github/workflows/ghcr-publish.yml": 1776443541.1609585,
  "CLAUDE.md": 1777611111.9681623,
  "README.md": 1754105792.074118
}